{
  "criteria": {
    "bygone": {
      "conditions": {
        "to": "bygone:bygone"
      },
      "trigger": "minecraft:changed_dimension"
    }
  },
  "display": {
    "announce_to_chat": false,
    "background": "bygone:textures/block/bygone.png",
    "description": {
      "translate": "advancement.bygone.bygone.desc"
    },
    "icon": {
      "count": 1,
      "id": "bygone:arcane_core"
    },
    "show_toast": false,
    "title": {
      "translate": "advancement.bygone.bygone.title"
    }
  },
  "requirements": [["bygone"]],
  "sends_telemetry_event": true
}
