{
  "parent": "bygone:enter_bygone",
  "criteria": {
    "bygone:alphahang": {
      "conditions": {
        "player": [
          {
            "condition": "minecraft:entity_properties",
            "entity": "this",
            "predicate": {
              "location": {
                "biomes": "bygone:alphahang"
              }
            }
          }
        ]
      },
      "trigger": "minecraft:location"
    },
    "bygone:amber_desert": {
      "conditions": {
        "player": [
          {
            "condition": "minecraft:entity_properties",
            "entity": "this",
            "predicate": {
              "location": {
                "biomes": "bygone:amber_desert"
              }
            }
          }
        ]
      },
      "trigger": "minecraft:location"
    },
    "bygone:megalith_field": {
      "conditions": {
        "player": [
          {
            "condition": "minecraft:entity_properties",
            "entity": "this",
            "predicate": {
              "location": {
                "biomes": "bygone:megalith_field"
              }
            }
          }
        ]
      },
      "trigger": "minecraft:location"
    },
    "bygone:primordial_beach": {
      "conditions": {
        "player": [
          {
            "condition": "minecraft:entity_properties",
            "entity": "this",
            "predicate": {
              "location": {
                "biomes": "bygone:primordial_beach"
              }
            }
          }
        ]
      },
      "trigger": "minecraft:location"
    },
    "bygone:primordial_ocean": {
      "conditions": {
        "player": [
          {
            "condition": "minecraft:entity_properties",
            "entity": "this",
            "predicate": {
              "location": {
                "biomes": "bygone:primordial_ocean"
              }
            }
          }
        ]
      },
      "trigger": "minecraft:location"
    },
    "bygone:shelfhollow": {
      "conditions": {
        "player": [
          {
            "condition": "minecraft:entity_properties",
            "entity": "this",
            "predicate": {
              "location": {
                "biomes": "bygone:shelfhollow"
              }
            }
          }
        ]
      },
      "trigger": "minecraft:location"
    },
    "bygone:underhang": {
      "conditions": {
        "player": [
          {
            "condition": "minecraft:entity_properties",
            "entity": "this",
            "predicate": {
              "location": {
                "biomes": "bygone:underhang"
              }
            }
          }
        ]
      },
      "trigger": "minecraft:location"
    }
  },
  "display": {
    "description": {
      "translate": "advancements.bygone.explore_bygone.desc"
    },
    "frame": "challenge",
    "icon": {
      "count": 1,
      "id": "bygone:verdigris_spurs"
    },
    "title": {
      "translate": "advancements.bygone.explore_bygone.title"
    }
  },
  "requirements": [
    ["bygone:alphahang"],
    ["bygone:amber_desert"],
    ["bygone:megalith_field"],
    ["bygone:primordial_beach"],
    ["bygone:primordial_ocean"],
    ["bygone:shelfhollow"],
    ["bygone:underhang"]
  ],
  "rewards": {
    "experience": 500
  },
  "sends_telemetry_event": true
}
