{
  "parent": "bygone:enter_bygone",
  "criteria": {
    "sewer": {
      "conditions": {
        "player": [
          {
            "condition": "minecraft:entity_properties",
            "entity": "this",
            "predicate": {
              "location": {
                "structures": "bygone:sewer"
              }
            }
          }
        ]
      },
      "trigger": "minecraft:location"
    }
  },
  "display": {
    "description": {
      "translate": "advancements.bygone.find_sewer.desc"
    },
    "icon": {
      "count": 1,
      "id": "minecraft:oxidized_copper"
    },
    "title": {
      "translate": "advancements.bygone.find_sewer.title"
    }
  },
  "requirements": [["sewer"]],
  "sends_telemetry_event": true
}
