{
  "parent": "bygone:enter_bygone",
  "criteria": {
    "village": {
      "conditions": {
        "player": [
          {
            "condition": "minecraft:entity_properties",
            "entity": "this",
            "predicate": {
              "location": {
                "structures": "bygone:village"
              }
            }
          }
        ]
      },
      "trigger": "minecraft:location"
    }
  },
  "display": {
    "description": {
      "translate": "advancements.bygone.find_village.desc"
    },
    "icon": {
      "count": 1,
      "id": "minecraft:oxidized_copper"
    },
    "title": {
      "translate": "advancements.bygone.find_village.title"
    }
  },
  "requirements": [["village"]],
  "sends_telemetry_event": true
}
