{
  "type": "minecraft:crafting_shapeless",
  "category": "building",
  "group": "wool",
  "ingredients": [
    {
      "item": "minecraft:yellow_dye"
    },
    [
      {
        "item": "bygone:black_amphora"
      },
      {
        "item": "bygone:blue_amphora"
      },
      {
        "item": "bygone:brown_amphora"
      },
      {
        "item": "bygone:cyan_amphora"
      },
      {
        "item": "bygone:gray_amphora"
      },
      {
        "item": "bygone:green_amphora"
      },
      {
        "item": "bygone:light_blue_amphora"
      },
      {
        "item": "bygone:light_gray_amphora"
      },
      {
        "item": "bygone:lime_amphora"
      },
      {
        "item": "bygone:magenta_amphora"
      },
      {
        "item": "bygone:orange_amphora"
      },
      {
        "item": "bygone:pink_amphora"
      },
      {
        "item": "bygone:purple_amphora"
      },
      {
        "item": "bygone:red_amphora"
      },
      {
        "item": "bygone:white_amphora"
      }
    ]
  ],
  "result": {
    "count": 1,
    "id": "bygone:yellow_amphora"
  }
}
