{
  "parent": "minecraft:recipes/root",
  "criteria": {
    "has_ancient_planks": {
      "conditions": {
        "items": [
          {
            "items": "bygone:ancient_planks"
          }
        ]
      },
      "trigger": "minecraft:inventory_changed"
    },
    "has_the_recipe": {
      "conditions": {
        "recipe": "minecraft:ancient_fence_gate"
      },
      "trigger": "minecraft:recipe_unlocked"
    }
  },
  "requirements": [["has_the_recipe", "has_ancient_planks"]],
  "rewards": {
    "recipes": ["minecraft:ancient_fence_gate"]
  }
}
