{
  "parent": "minecraft:recipes/root",
  "criteria": {
    "has_scale": {
      "conditions": {
        "items": [
          {
            "items": "bygone:scale"
          }
        ]
      },
      "trigger": "minecraft:inventory_changed"
    },
    "has_the_recipe": {
      "conditions": {
        "recipe": "minecraft:scale_leggings"
      },
      "trigger": "minecraft:recipe_unlocked"
    }
  },
  "requirements": [["has_the_recipe", "has_scale"]],
  "rewards": {
    "recipes": ["minecraft:scale_leggings"]
  }
}
