{
  "type": "minecraft:entity",
  "pools": [
    {
      "bonus_rolls": 0.0,
      "entries": [
        {
          "type": "minecraft:item",
          "name": "bygone:lithoplasm",
          "weight": 1
        }
      ],
      "rolls": 1.0
    },
    {
      "bonus_rolls": 0.0,
      "entries": [
        {
          "type": "minecraft:item",
          "name": "bygone:byslate",
          "weight": 1
        }
      ],
      "rolls": 1.0
    }
  ],
  "random_sequence": "bygone:gameplay/lithy_trip"
}
