{
  "type": "minecraft:block",
  "pools": [
    {
      "bonus_rolls": 0.0,
      "entries": [
        {
          "type": "minecraft:alternatives",
          "children": [
            {
              "type": "minecraft:item",
              "conditions": [
                {
                  "condition": "minecraft:survives_explosion"
                }
              ],
              "name": "bygone:amber_sand"
            }
          ]
        }
      ],
      "rolls": 1.0
    }
  ],
  "random_sequence": "bygone:blocks/amber_sand"
}
