{
  "type": "minecraft:block",
  "functions": [
    {
      "function": "minecraft:explosion_decay"
    }
  ],
  "pools": [
    {
      "bonus_rolls": 0,
      "entries": [
        {
          "type": "minecraft:alternatives",
          "children": [
            {
              "type": "minecraft:item",
              "conditions": [
                {
                  "block": "bygone:glow_gourd_beige",
                  "condition": "minecraft:block_state_property",
                  "properties": {
                    "age": "2"
                  }
                }
              ],
              "functions": [
                {
                  "add": false,
                  "count": {
                    "type": "minecraft:uniform",
                    "max": 7.0,
                    "min": 3.0
                  },
                  "function": "minecraft:set_count"
                },
                {
                  "enchantment": "minecraft:fortune",
                  "formula": "minecraft:uniform_bonus_count",
                  "function": "minecraft:apply_bonus",
                  "parameters": {
                    "bonusMultiplier": 1
                  }
                },
                {
                  "function": "minecraft:limit_count",
                  "limit": {
                    "max": 9.0
                  }
                },
                {
                  "function": "minecraft:explosion_decay"
                }
              ],
              "name": "bygone:glow_gourd_beige_slice"
            }
          ]
        }
      ],
      "rolls": 1
    },
    {
      "bonus_rolls": 0,
      "conditions": [
        {
          "block": "bygone:glow_gourd_beige",
          "condition": "minecraft:block_state_property",
          "properties": {
            "age": "2"
          }
        }
      ],
      "entries": [],
      "rolls": 1
    }
  ],
  "random_sequence": "bygone:glow_gourd_beige"
}
