{
  "type": "minecraft:block",
  "functions": [
    {
      "function": "minecraft:explosion_decay"
    }
  ],
  "pools": [
    {
      "bonus_rolls": 0.0,
      "entries": [
        {
          "type": "minecraft:alternatives",
          "children": [
            {
              "type": "minecraft:item",
              "conditions": [
                {
                  "block": "bygone:plaga_crop",
                  "condition": "minecraft:block_state_property",
                  "properties": {
                    "age": "7"
                  }
                }
              ],
              "name": "bygone:plaga"
            },
            {
              "type": "minecraft:item",
              "name": "bygone:plaga_seeds"
            }
          ]
        }
      ],
      "rolls": 1.0
    }
  ],
  "random_sequence": "bygone:blocks/plaga_crop"
}
