{
  "parent": "minecraft:recipes/root",
  "criteria": {
    "has_logs": {
      "conditions": {
        "items": [
          {
            "items": "#bygone:ancient_logs"
          }
        ]
      },
      "trigger": "minecraft:inventory_changed"
    },
    "has_the_recipe": {
      "conditions": {
        "recipe": "bygone:ancient_planks"
      },
      "trigger": "minecraft:recipe_unlocked"
    }
  },
  "requirements": [["has_the_recipe", "has_logs"]],
  "rewards": {
    "recipes": ["bygone:ancient_planks"]
  }
}
