{
  "parent": "minecraft:recipes/root",
  "criteria": {
    "has_claystone_bricks_stairs": {
      "conditions": {
        "items": [
          {
            "items": "bygone:claystone_bricks_stairs"
          }
        ]
      },
      "trigger": "minecraft:inventory_changed"
    },
    "has_the_recipe": {
      "conditions": {
        "recipe": "minecraft:claystone_bricks_from_claystone_bricks_stairs_stonecutting"
      },
      "trigger": "minecraft:recipe_unlocked"
    }
  },
  "requirements": [["has_the_recipe", "has_claystone_bricks_stairs"]],
  "rewards": {
    "recipes": [
      "minecraft:claystone_bricks_from_claystone_bricks_stairs_stonecutting"
    ]
  }
}
