{
  "parent": "minecraft:recipes/root",
  "criteria": {
    "has_claystone": {
      "conditions": {
        "items": [
          {
            "items": "bygone:claystone"
          }
        ]
      },
      "trigger": "minecraft:inventory_changed"
    },
    "has_the_recipe": {
      "conditions": {
        "recipe": "minecraft:claystone_bricks"
      },
      "trigger": "minecraft:recipe_unlocked"
    }
  },
  "requirements": [["has_the_recipe", "has_claystone"]],
  "rewards": {
    "recipes": ["minecraft:claystone_bricks"]
  }
}
