{
  "parent": "minecraft:recipes/root",
  "criteria": {
    "has_malachite_tile": {
      "conditions": {
        "items": [
          {
            "items": "bygone:malachite_tile"
          }
        ]
      },
      "trigger": "minecraft:inventory_changed"
    },
    "has_the_recipe": {
      "conditions": {
        "recipe": "minecraft:malachite_tile_slab_from_malachite_tile_stonecutting"
      },
      "trigger": "minecraft:recipe_unlocked"
    }
  },
  "requirements": [["has_the_recipe", "has_malachite_tile"]],
  "rewards": {
    "recipes": [
      "minecraft:malachite_tile_slab_from_malachite_tile_stonecutting"
    ]
  }
}
