{
  "parent": "minecraft:recipes/root",
  "criteria": {
    "has_orange_fungal_bricks": {
      "conditions": {
        "items": [
          {
            "items": "bygone:orange_fungal_bricks"
          }
        ]
      },
      "trigger": "minecraft:inventory_changed"
    },
    "has_the_recipe": {
      "conditions": {
        "recipe": "minecraft:orange_fungal_wall"
      },
      "trigger": "minecraft:recipe_unlocked"
    }
  },
  "requirements": [["has_the_recipe", "has_orange_fungal_bricks"]],
  "rewards": {
    "recipes": ["minecraft:orange_fungal_wall"]
  }
}
