{
  "parent": "minecraft:recipes/root",
  "criteria": {
    "has_orange_fungal_stairs": {
      "conditions": {
        "items": [
          {
            "items": "bygone:orange_fungal_stairs"
          }
        ]
      },
      "trigger": "minecraft:inventory_changed"
    },
    "has_the_recipe": {
      "conditions": {
        "recipe": "minecraft:orange_fungal_bricks_from_orange_fungal_stairs_stonecutting"
      },
      "trigger": "minecraft:recipe_unlocked"
    }
  },
  "requirements": [["has_the_recipe", "has_orange_fungal_stairs"]],
  "rewards": {
    "recipes": [
      "minecraft:orange_fungal_bricks_from_orange_fungal_stairs_stonecutting"
    ]
  }
}
