{
  "parent": "minecraft:recipes/root",
  "criteria": {
    "has_pink_fungal_wall": {
      "conditions": {
        "items": [
          {
            "items": "bygone:pink_fungal_wall"
          }
        ]
      },
      "trigger": "minecraft:inventory_changed"
    },
    "has_the_recipe": {
      "conditions": {
        "recipe": "minecraft:pink_fungal_bricks_from_pink_fungal_wall_stonecutting"
      },
      "trigger": "minecraft:recipe_unlocked"
    }
  },
  "requirements": [["has_the_recipe", "has_pink_fungal_wall"]],
  "rewards": {
    "recipes": [
      "minecraft:pink_fungal_bricks_from_pink_fungal_wall_stonecutting"
    ]
  }
}
