{
  "parent": "minecraft:recipes/root",
  "criteria": {
    "has_pink_mushroom_block": {
      "conditions": {
        "items": [
          {
            "items": "bygone:pink_mushroom_block"
          }
        ]
      },
      "trigger": "minecraft:inventory_changed"
    },
    "has_the_recipe": {
      "conditions": {
        "recipe": "minecraft:pink_fungal_bricks"
      },
      "trigger": "minecraft:recipe_unlocked"
    }
  },
  "requirements": [["has_the_recipe", "has_pink_mushroom_block"]],
  "rewards": {
    "recipes": ["minecraft:pink_fungal_bricks"]
  }
}
