{
  "parent": "minecraft:recipes/root",
  "criteria": {
    "has_purple_fungal_bricks": {
      "conditions": {
        "items": [
          {
            "items": "bygone:purple_fungal_bricks"
          }
        ]
      },
      "trigger": "minecraft:inventory_changed"
    },
    "has_the_recipe": {
      "conditions": {
        "recipe": "minecraft:purple_fungal_slab"
      },
      "trigger": "minecraft:recipe_unlocked"
    }
  },
  "requirements": [["has_the_recipe", "has_purple_fungal_bricks"]],
  "rewards": {
    "recipes": ["minecraft:purple_fungal_slab"]
  }
}
