{
  "parent": "minecraft:recipes/root",
  "criteria": {
    "has_stripped_ancient_log": {
      "conditions": {
        "items": [
          {
            "items": "bygone:stripped_ancient_log"
          }
        ]
      },
      "trigger": "minecraft:inventory_changed"
    },
    "has_the_recipe": {
      "conditions": {
        "recipe": "minecraft:stripped_ancient_wood"
      },
      "trigger": "minecraft:recipe_unlocked"
    }
  },
  "requirements": [["has_the_recipe", "has_stripped_ancient_log"]],
  "rewards": {
    "recipes": ["minecraft:stripped_ancient_wood"]
  }
}
