{
  "ambient_light": 0.1,
  "bed_works": false,
  "coordinate_scale": 32,
  "effects": "minecraft:the_nether",
  "fixed_time": 6000,
  "has_ceiling": true,
  "has_raids": false,
  "has_skylight": false,
  "height": 384,
  "infiniburn": "#bygone:infiniburn_bygone",
  "logical_height": 384,
  "min_y": -64,
  "monster_spawn_block_light_limit": 0,
  "monster_spawn_light_level": {
    "type": "minecraft:uniform",
    "max_inclusive": 7,
    "min_inclusive": 0
  },
  "natural": false,
  "piglin_safe": true,
  "respawn_anchor_works": true,
  "ultrawarm": false
}
