{
  "type": "minecraft:chest",
  "pools": [
    {
      "rolls": {
        "type": "minecraft:uniform",
        "min": 2,
        "max": 5
      },
      "bonus_rolls": 0,
      "entries": [
        {
          "type": "minecraft:item",
          "functions": [
            {
              "add": false,
              "count": {
                "type": "minecraft:uniform",
                "max": 8,
                "min": 1
              },
              "function": "minecraft:set_count"
            }
          ],
          "name": "bygone:ancient_vines",
          "weight": 8
        },
        {
          "type": "minecraft:item",
          "functions": [
            {
              "add": false,
              "count": {
                "type": "minecraft:uniform",
                "max": 16,
                "min": 4
              },
              "function": "minecraft:set_count"
            }
          ],
          "name": "minecraft:moss_block",
          "weight": 7
        },
        {
          "type": "minecraft:item",
          "functions": [
            {
              "add": false,
              "count": {
                "type": "minecraft:uniform",
                "max": 16,
                "min": 1
              },
              "function": "minecraft:set_count"
            }
          ],
          "name": "minecraft:honeycomb",
          "weight": 7
        },
        {
          "type": "minecraft:item",
          "functions": [
            {
              "add": false,
              "count": {
                "type": "minecraft:uniform",
                "max": 8,
                "min": 1
              },
              "function": "minecraft:set_count"
            }
          ],
          "name": "minecraft:waxed_oxidized_cut_copper",
          "weight": 6
        },
        {
          "type": "minecraft:item",
          "functions": [
            {
              "add": false,
              "count": 1,
              "function": "minecraft:set_count"
            },
            {
              "add": false,
              "damage": {
                "type": "minecraft:uniform",
                "max": 0.8,
                "min": 0.25
              },
              "function": "minecraft:set_damage"
            }
          ],
          "name": "minecraft:stone_axe",
          "weight": 2
        },
        {
          "type": "minecraft:item",
          "functions": [
            {
              "add": false,
              "count": 1,
              "function": "minecraft:set_count"
            },
            {
              "add": false,
              "damage": {
                "type": "minecraft:uniform",
                "max": 0.9,
                "min": 0.4
              },
              "function": "minecraft:set_damage"
            },
            {
              "function": "minecraft:enchant_randomly",
              "options": "#minecraft:on_random_loot"
            }
          ],
          "name": "minecraft:iron_axe"
        },
        {
          "type": "minecraft:item",
          "functions": [
            {
              "add": false,
              "count": {
                "type": "minecraft:uniform",
                "max": 4,
                "min": 1
              },
              "function": "minecraft:set_count"
            }
          ],
          "name": "minecraft:copper_ingot",
          "weight": 5
        },
        {
          "type": "minecraft:item",
          "name": "bygone:gold_beak_armor",
          "weight": 10
        },
        {
          "type": "minecraft:item",
          "name": "bygone:iron_beak_armor",
          "weight": 15
        },
        {
          "type": "minecraft:item",
          "name": "bygone:diamond_beak_armor",
          "weight": 5
        },
        {
          "type": "minecraft:item",
          "name": "bygone:verdigris_scrap"
        },
        {
          "type": "minecraft:item",
          "name": "bygone:verdigris_bow"
        },
        {
          "type": "minecraft:item",
          "name": "bygone:verdigris_blade"
        },
        {
          "type": "minecraft:item",
          "name": "bygone:ancient_hook"
        },
        {
          "type": "minecraft:item",
          "name": "bygone:ancient_sprinkler"
        }
      ]
    }
  ]
}
